type,frame,resid,resname
PLacyl,0,18,PRO
PLacyl,0,21,LEU
PLacyl,0,22,ARG
PLacyl,0,23,GLU
PLacyl,1,1,PHE
PLacyl,2,22,ARG
PLacyl,3,1,PHE
PLacyl,3,2,GLN
PLacyl,3,36,LEU
PLacyl,4,1,PHE
PLacyl,4,2,GLN
PLacyl,5,1,PHE
PLacyl,5,2,GLN
PLacyl,6,1,PHE
PLacyl,7,1,PHE
PLacyl,8,1,PHE
PLacyl,8,2,GLN
PLacyl,9,1,PHE
PLacyl,9,21,LEU
PLacyl,9,22,ARG
PLacyl,9,25,VAL
PLacyl,9,29,LEU
TGacyl,0,4,LEU
TGacyl,0,18,PRO
TGacyl,0,21,LEU
TGacyl,0,22,ARG
TGacyl,0,25,VAL
TGglyc,0,21,LEU
TGglyc,0,25,VAL
TGglyc,9,21,LEU
